user_id,name,gender,age,user_type
00000001,杜玉,男,23,上班族
00000002,杨平,男,38,自由职业
00000003,苏刚,女,27,家庭主妇
00000004,胡丹,男,29,上班族
00000005,张秀荣,男,43,上班族
00000006,张娜,男,19,在校学生
00000007,阎刚,男,49,上班族
00000008,何玉英,女,30,上班族
00000009,郑建,男,23,上班族
00000010,王俊,女,35,其他
00000011,张春梅,女,27,上班族
00000012,郭佳,男,32,上班族
00000013,张磊,男,43,上班族
00000014,彭彬,女,22,上班族
00000015,李倩,男,42,上班族
00000016,钟静,男,36,在校学生
00000017,胡辉,男,20,在校学生
00000018,张文,女,26,上班族
00000019,李丹丹,男,23,上班族
00000020,杨颖,男,36,其他
00000021,杨涛,女,36,上班族
00000022,刘秀梅,女,39,家庭主妇
00000023,林凯,男,19,在校学生
00000024,陈坤,男,45,上班族
00000025,吴鹏,男,43,自由职业
00000026,张平,男,48,上班族
00000027,徐雷,女,34,上班族
00000028,张东,男,50,上班族
00000029,孙秀华,男,35,上班族
00000030,何畅,男,32,自由职业
00000031,蒋宁,男,49,上班族
00000032,李彬,男,29,上班族
00000033,沈倩,男,44,上班族
00000034,潘春梅,男,38,自由职业
00000035,陈龙,女,26,在校学生
00000036,杨玉梅,男,31,上班族
00000037,黄超,女,32,上班族
00000038,黄成,男,32,上班族
00000039,李秀梅,男,33,上班族
00000040,丁倩,女,35,上班族
00000041,朱莹,女,18,在校学生
00000042,曾秀荣,男,34,在校学生
00000043,梅红,女,26,上班族
00000044,王畅,女,32,在校学生
00000045,鞠琴,男,38,上班族
00000046,邓金凤,女,31,上班族
00000047,揭丽丽,男,26,上班族
00000048,李璐,女,43,上班族
00000049,裴想,男,30,上班族
00000050,杨丽华,男,44,上班族
00000051,杨桂花,女,32,在校学生
00000052,雷玉梅,女,29,家庭主妇
00000053,古兰英,女,36,家庭主妇
00000054,刘玉华,男,33,上班族
00000055,刘杨,女,29,上班族
00000056,高瑞,女,36,上班族
00000057,卢林,女,29,自由职业
00000058,唐英,女,30,上班族
00000059,许冬梅,男,47,自由职业
00000060,邓旭,女,25,上班族
00000061,蔡欢,女,33,家庭主妇
00000062,王晶,男,43,上班族
00000063,李林,男,36,上班族
00000064,郭凤英,女,22,在校学生
00000065,刘桂兰,女,25,上班族
00000066,葛岩,女,22,上班族
00000067,田玉,女,25,上班族
00000068,胡利,男,36,上班族
00000069,陆鹏,女,39,上班族
00000070,朱军,女,30,上班族
00000071,李彬,女,20,在校学生
00000072,关红霞,女,31,上班族
00000073,樊玉,男,24,自由职业
00000074,谭杰,女,35,自由职业
00000075,廖建平,男,39,其他
00000076,褚洁,女,31,上班族
00000077,赵想,男,30,上班族
00000078,李宇,女,38,自由职业
00000079,周娜,女,24,上班族
00000080,严欣,女,33,家庭主妇
00000081,施飞,女,34,上班族
00000082,李桂花,女,36,上班族
00000083,张金凤,男,40,自由职业
00000084,童婷,女,36,上班族
00000085,虞超,男,40,上班族
00000086,韦浩,女,41,自由职业
00000087,陈玉华,男,27,上班族
00000088,罗旭,男,32,上班族
00000089,张金凤,女,37,家庭主妇
00000090,王璐,男,18,在校学生
00000091,赵浩,女,24,上班族
00000092,张峰,女,29,在校学生
00000093,郑婷,女,51,上班族
00000094,罗玉华,女,46,其他
00000095,邹超,女,40,上班族
00000096,陈莉,男,28,上班族
00000097,李欢,男,27,上班族
00000098,朱利,男,51,上班族
00000099,吕亮,女,39,上班族
00000100,史秀荣,女,42,上班族
00000101,毕玉兰,女,21,在校学生
00000102,辛宁,男,53,上班族
00000103,高兰英,女,35,上班族
00000104,陈峰,男,42,上班族
00000105,程鹏,男,32,上班族
00000106,姚华,女,22,上班族
00000107,孙华,男,49,上班族
00000108,曹浩,女,20,在校学生
00000109,冯超,女,30,上班族
00000110,臧燕,女,32,上班族
00000111,赵坤,男,28,上班族
00000112,马雪,女,48,上班族
00000113,李莹,女,28,上班族
00000114,王军,女,33,家庭主妇
00000115,王佳,女,27,上班族
00000116,鞠畅,女,29,自由职业
00000117,段宁,女,26,家庭主妇
00000118,刘东,女,39,上班族
00000119,赖英,女,18,在校学生
00000120,黄秀云,女,22,上班族
00000121,孙淑英,女,30,上班族
00000122,高红梅,女,40,家庭主妇
00000123,祝慧,女,42,上班族
00000124,赵秀兰,女,32,上班族
00000125,阎勇,男,38,其他
00000126,刘磊,女,30,上班族
00000127,王洋,男,24,上班族
00000128,田彬,女,22,上班族
00000129,苏彬,女,31,家庭主妇
00000130,秦萍,女,24,上班族
00000131,陈璐,女,25,家庭主妇
00000132,梁林,女,29,上班族
00000133,杨桂珍,男,37,上班族
00000134,孙慧,女,27,上班族
00000135,胡娟,男,20,在校学生
00000136,樊林,女,20,在校学生
00000137,戴桂珍,女,26,上班族
00000138,王丽华,女,30,上班族
00000139,陈帆,女,31,家庭主妇
00000140,陈秀梅,男,24,上班族
00000141,张志强,男,38,上班族
00000142,谢秀珍,女,25,其他
00000143,陈秀珍,男,41,上班族
00000144,林晨,女,28,家庭主妇
00000145,周凤兰,女,33,家庭主妇
00000146,王博,女,32,其他
00000147,周彬,女,43,上班族
00000148,李春梅,女,39,上班族
00000149,李秀华,女,49,上班族
00000150,王海燕,男,26,上班族
00000151,顾洁,男,27,其他
00000152,何丹,女,33,上班族
00000153,何玉兰,女,39,上班族
00000154,林金凤,男,29,自由职业
00000155,乔倩,女,21,在校学生
00000156,郭桂芝,女,46,自由职业
00000157,郑红梅,男,34,上班族
00000158,黄瑜,女,29,家庭主妇
00000159,金红霞,女,34,上班族
00000160,郑峰,女,31,上班族
00000161,刘波,男,33,自由职业
00000162,王柳,女,31,其他
00000163,朱琴,女,44,自由职业
00000164,杜雷,女,34,在校学生
00000165,韩鹏,男,21,在校学生
00000166,李桂花,女,36,上班族
00000167,周刚,男,38,上班族
00000168,曹琴,女,26,上班族
00000169,周彬,女,48,自由职业
00000170,刘丽丽,男,52,上班族
00000171,赵莉,男,41,上班族
00000172,陈兰英,男,48,上班族
00000173,李坤,男,45,上班族
00000174,周英,男,18,在校学生
00000175,冷琴,女,33,上班族
00000176,覃静,男,18,在校学生
00000177,陈婷,女,18,在校学生
00000178,刘霞,男,34,其他
00000179,陈宇,男,46,上班族
00000180,卢红霞,男,20,在校学生
00000181,李晨,男,38,上班族
00000182,韦红霞,男,25,自由职业
00000183,林红,男,25,上班族
00000184,王欣,男,40,上班族
00000185,熊欢,男,33,上班族
00000186,刘桂英,男,24,上班族
00000187,王丽华,女,26,自由职业
00000188,章建,女,33,家庭主妇
00000189,高玉珍,男,41,上班族
00000190,张丽华,男,42,上班族
00000191,马凯,男,19,在校学生
00000192,袁畅,男,48,上班族
00000193,董瑜,男,43,自由职业
00000194,王华,女,24,上班族
00000195,黄丽华,男,50,上班族
00000196,王鑫,男,18,在校学生
00000197,崔桂兰,男,28,上班族
00000198,刘雪梅,女,23,上班族
00000199,张丹,女,31,家庭主妇
00000200,任楠,女,43,上班族
00000201,魏帆,女,23,上班族
00000202,刘旭,男,33,上班族
00000203,黄建,女,20,在校学生
00000204,何桂兰,男,40,上班族
00000205,孙欢,男,31,上班族
00000206,杨颖,男,30,自由职业
00000207,张慧,男,18,在校学生
00000208,李静,女,37,家庭主妇
00000209,查桂珍,男,29,上班族
00000210,李峰,女,38,自由职业
00000211,李静,女,18,在校学生
00000212,董文,女,36,家庭主妇
00000213,陈华,男,37,上班族
00000214,梁柳,男,18,在校学生
00000215,郑秀梅,女,37,家庭主妇
00000216,左欣,男,18,在校学生
00000217,阎丹丹,女,30,家庭主妇
00000218,盛彬,男,30,其他
00000219,罗燕,男,28,上班族
00000220,刘东,女,38,上班族
00000221,杜亮,男,18,在校学生
00000222,王红霞,女,23,上班族
00000223,童宇,女,34,自由职业
00000224,简秀兰,男,28,上班族
00000225,苏秀芳,女,41,家庭主妇
00000226,李桂花,女,34,在校学生
00000227,王琴,男,38,上班族
00000228,周红霞,女,28,上班族
00000229,郝建国,女,41,上班族
00000230,杨平,男,30,上班族
00000231,郭娜,男,35,上班族
00000232,苏慧,女,45,上班族
00000233,高旭,女,33,家庭主妇
00000234,周淑兰,女,38,上班族
00000235,余红,男,38,上班族
00000236,章健,女,28,自由职业
00000237,段飞,女,28,在校学生
00000238,张春梅,女,25,家庭主妇
00000239,李龙,女,35,上班族
00000240,张丹丹,女,34,家庭主妇
00000241,吴凤英,女,29,上班族
00000242,陈莹,男,25,上班族
00000243,张荣,女,38,上班族
00000244,李杰,女,42,上班族
00000245,石云,男,18,在校学生
00000246,夏彬,男,49,自由职业
00000247,张瑜,男,36,上班族
00000248,谢峰,男,61,其他
00000249,黄宁,女,32,上班族
00000250,龚荣,女,37,上班族
00000251,冯雷,男,53,上班族
00000252,李鑫,女,42,自由职业
00000253,陆军,女,24,其他
00000254,廖梅,女,30,家庭主妇
00000255,米玉珍,女,32,上班族
00000256,陈想,男,45,上班族
00000257,李雷,男,24,上班族
00000258,徐英,女,18,在校学生
00000259,戴健,男,47,上班族
00000260,黄东,男,26,上班族
00000261,胡岩,男,34,上班族
00000262,徐龙,女,21,在校学生
00000263,宋桂芳,男,53,家庭主妇
00000264,王鹏,女,41,家庭主妇
00000265,杨玉梅,女,29,家庭主妇
00000266,孙秀珍,女,23,上班族
00000267,甘健,女,32,在校学生
00000268,李静,女,31,在校学生
00000269,谷荣,男,34,上班族
00000270,刘海燕,男,29,上班族
00000271,朱燕,男,18,在校学生
00000272,张丽丽,男,45,上班族
00000273,张佳,男,37,自由职业
00000274,章婷婷,男,32,上班族
00000275,厉淑英,女,29,家庭主妇
00000276,魏红梅,女,31,上班族
00000277,刘帅,男,27,上班族
00000278,莫成,男,27,上班族
00000279,李琴,女,36,在校学生
00000280,张磊,男,24,上班族
00000281,罗浩,女,33,上班族
00000282,石兵,女,34,在校学生
00000283,张梅,男,18,在校学生
00000284,陈明,女,46,上班族
00000285,祝云,男,27,上班族
00000286,李宁,男,20,在校学生
00000287,龚瑜,女,41,上班族
00000288,冯彬,男,18,在校学生
00000289,崔婷,女,27,自由职业
00000290,朱文,男,38,自由职业
00000291,倪敏,女,29,上班族
00000292,谢秀华,女,31,上班族
00000293,张丽娟,男,36,其他
00000294,满淑珍,女,30,家庭主妇
00000295,沈志强,男,36,上班族
00000296,曹娟,女,24,上班族
00000297,袁刚,女,34,上班族
00000298,吴玲,女,39,家庭主妇
00000299,王梅,女,18,在校学生
00000300,王莹,女,21,在校学生
00000301,任桂英,男,40,上班族
00000302,安燕,女,26,在校学生
00000303,汪楠,男,25,上班族
00000304,王桂珍,男,21,在校学生
00000305,胡秀芳,女,48,自由职业
00000306,冯利,女,29,在校学生
00000307,刘婷,男,41,上班族
00000308,杜秀华,男,19,在校学生
00000309,李桂荣,女,41,家庭主妇
00000310,陈东,男,27,上班族
00000311,由凤英,男,28,上班族
00000312,邢桂芳,女,46,上班族
00000313,黄莉,女,36,上班族
00000314,吴淑兰,男,19,在校学生
00000315,王凤兰,女,21,在校学生
00000316,宋婷婷,女,30,自由职业
00000317,张坤,女,36,上班族
00000318,周丽,女,40,在校学生
00000319,杨东,男,39,上班族
00000320,徐建,女,33,自由职业
00000321,李桂珍,男,24,自由职业
00000322,戴俊,女,40,自由职业
00000323,杨欢,男,35,上班族
00000324,张勇,女,32,家庭主妇
00000325,胡超,女,28,家庭主妇
00000326,蔡璐,女,29,上班族
00000327,陈涛,女,30,上班族
00000328,杨云,女,28,上班族
00000329,程燕,女,34,在校学生
00000330,王淑珍,男,43,自由职业
00000331,陈丽,男,35,自由职业
00000332,白成,女,40,其他
00000333,李宇,男,29,上班族
00000334,曾利,女,43,自由职业
00000335,周静,女,28,上班族
00000336,庞文,女,43,在校学生
00000337,丁淑英,男,21,在校学生
00000338,孙玉梅,男,25,上班族
00000339,姚利,男,18,在校学生
00000340,杨建军,女,22,在校学生
00000341,黄峰,女,39,自由职业
00000342,陈英,男,32,上班族
00000343,郑冬梅,男,36,上班族
00000344,王丽华,女,35,在校学生
00000345,景林,男,28,上班族
00000346,陈岩,男,29,上班族
00000347,欧阳龙,女,43,上班族
00000348,钟淑华,男,29,上班族
00000349,蔡峰,男,37,上班族
00000350,李建军,女,19,在校学生
00000351,谢桂芝,男,31,上班族
00000352,孙阳,女,36,其他
00000353,潘秀梅,女,36,上班族
00000354,龚淑华,男,45,上班族
00000355,向玉英,男,43,上班族
00000356,朱彬,男,25,上班族
00000357,刘杨,女,18,在校学生
00000358,侯婷,女,25,上班族
00000359,阮成,男,41,上班族
00000360,吕成,女,46,上班族
00000361,王春梅,女,38,上班族
00000362,罗雷,女,36,上班族
00000363,李璐,女,30,上班族
00000364,李桂香,女,33,家庭主妇
00000365,李瑜,女,32,家庭主妇
00000366,张雪梅,男,47,上班族
00000367,万文,女,21,在校学生
00000368,杨平,女,37,上班族
00000369,田帅,女,34,上班族
00000370,赵瑞,女,28,上班族
00000371,高瑜,女,33,家庭主妇
00000372,利华,男,39,上班族
00000373,赵强,男,18,在校学生
00000374,俞刚,女,39,家庭主妇
00000375,许桂荣,女,27,上班族
00000376,焦桂荣,男,38,在校学生
00000377,李红梅,男,50,上班族
00000378,周英,男,34,上班族
00000379,戴伟,女,20,在校学生
00000380,童鹏,男,18,在校学生
00000381,朱平,女,23,家庭主妇
00000382,李建平,女,37,上班族
00000383,刘飞,男,41,上班族
00000384,李秀珍,女,31,上班族
00000385,孙玉英,男,34,自由职业
00000386,章桂珍,男,37,上班族
00000387,孙建国,男,22,自由职业
00000388,游桂芳,男,49,其他
00000389,傅秀珍,男,38,上班族
00000390,梁玲,女,35,上班族
00000391,卢平,女,33,上班族
00000392,蒋芳,男,42,上班族
00000393,沈宇,男,28,上班族
00000394,李凤兰,男,53,上班族
00000395,尹建国,女,38,上班族
00000396,乔平,男,28,家庭主妇
00000397,周玉梅,男,30,上班族
00000398,汪建华,男,18,在校学生
00000399,唐丹,女,34,家庭主妇
00000400,杨云,男,39,上班族
00000401,罗玉珍,男,59,上班族
00000402,毛佳,女,31,家庭主妇
00000403,徐秀荣,男,26,上班族
00000404,李玉华,男,35,上班族
00000405,魏婷婷,男,36,上班族
00000406,张霞,女,23,在校学生
00000407,吴霞,男,37,上班族
00000408,白桂珍,男,27,自由职业
00000409,汪晶,男,53,自由职业
00000410,李晨,女,34,上班族
00000411,胡倩,男,36,上班族
00000412,黄波,男,44,上班族
00000413,林春梅,女,29,家庭主妇
00000414,舒淑英,男,37,上班族
00000415,范杰,女,23,上班族
00000416,王桂香,女,27,上班族
00000417,杨洋,女,24,其他
00000418,周玉兰,女,38,上班族
00000419,孙桂香,男,29,在校学生
00000420,刘秀兰,男,37,上班族
00000421,云玲,女,39,上班族
00000422,王军,男,43,上班族
00000423,王刚,女,19,在校学生
00000424,李琴,女,48,上班族
00000425,吴雷,女,30,上班族
00000426,刘玉珍,女,39,自由职业
00000427,董辉,男,49,上班族
00000428,韩帅,男,48,上班族
00000429,刘霞,女,27,其他
00000430,马鑫,男,28,自由职业
00000431,赵华,男,40,上班族
00000432,张梅,女,29,上班族
00000433,丁坤,女,29,其他
00000434,曹梅,男,23,上班族
00000435,王玉梅,男,30,其他
00000436,冯华,男,38,上班族
00000437,李想,男,35,上班族
00000438,黄明,女,21,在校学生
00000439,陈伟,男,41,上班族
00000440,徐飞,男,21,在校学生
00000441,何桂英,男,31,上班族
00000442,沈丽,女,48,上班族
00000443,杨晨,女,29,上班族
00000444,陈丹丹,男,33,上班族
00000445,翟佳,女,37,上班族
00000446,刘秀云,男,34,在校学生
00000447,李桂花,男,44,上班族
00000448,刘超,女,34,上班族
00000449,袁杰,女,40,在校学生
00000450,王红,女,23,其他
00000451,宣坤,男,28,自由职业
00000452,李桂兰,男,54,上班族
00000453,刘瑞,女,33,上班族
00000454,彭萍,女,34,自由职业
00000455,黄彬,女,40,在校学生
00000456,邓玉,女,41,上班族
00000457,王梅,女,34,其他
00000458,熊雪,男,27,其他
00000459,熊敏,男,38,上班族
00000460,潘文,女,35,自由职业
00000461,蒋莉,男,46,上班族
00000462,石瑞,女,22,上班族
00000463,周飞,男,33,上班族
00000464,刘俊,男,36,上班族
00000465,陈想,男,50,上班族
00000466,蔡婷婷,男,26,上班族
00000467,李秀珍,男,51,上班族
00000468,侯海燕,男,45,上班族
00000469,王桂花,女,18,在校学生
00000470,杨华,男,57,上班族
00000471,郭欣,男,49,上班族
00000472,赖婷婷,女,18,在校学生
00000473,伍阳,女,36,其他
00000474,张彬,男,43,上班族
00000475,吴丽,男,42,上班族
00000476,戚秀华,女,34,家庭主妇
00000477,王玲,女,25,上班族
00000478,傅斌,男,32,上班族
00000479,谢俊,男,36,上班族
00000480,孟军,女,43,上班族
00000481,梁春梅,男,25,上班族
00000482,高丹,女,30,家庭主妇
00000483,陈平,女,27,上班族
00000484,黄波,男,38,其他
00000485,饶倩,男,37,在校学生
00000486,史志强,女,42,其他
00000487,郑建军,女,32,在校学生
00000488,王玉华,男,35,上班族
00000489,韦秀云,男,22,上班族
00000490,李丽丽,男,28,上班族
00000491,杨浩,男,28,上班族
00000492,李桂芝,男,37,上班族
00000493,陈丹丹,男,41,上班族
00000494,周玉英,男,39,在校学生
00000495,王浩,女,39,在校学生
00000496,乔丽华,男,57,上班族
00000497,胡雪梅,男,26,上班族
00000498,龚洁,女,45,上班族
00000499,李秀珍,女,36,上班族
00000500,谷秀珍,男,51,上班族
00000501,崔莉,女,27,在校学生
00000502,潘兰英,男,24,上班族
00000503,赵琴,女,33,自由职业
00000504,孙伟,女,19,在校学生
00000505,马桂香,女,22,上班族
00000506,李岩,女,22,上班族
00000507,王桂芝,女,29,家庭主妇
00000508,郑桂香,女,45,其他
00000509,陈金凤,男,25,上班族
00000510,冉斌,男,41,上班族
00000511,漆慧,女,42,上班族
00000512,王辉,女,22,在校学生
00000513,马文,男,35,上班族
00000514,熊凤兰,女,38,上班族
00000515,刘玉,男,29,上班族
00000516,宋云,女,34,上班族
00000517,杨俊,男,24,上班族
00000518,倪琳,男,26,自由职业
00000519,韩想,女,25,上班族
00000520,臧桂芝,女,19,在校学生
00000521,兰健,女,31,其他
00000522,唐梅,女,38,在校学生
00000523,吴欢,女,32,上班族
00000524,李红梅,女,31,自由职业
00000525,佟宇,女,26,家庭主妇
00000526,裘玉,男,44,上班族
00000527,彭倩,女,32,上班族
00000528,吕雷,女,31,家庭主妇
00000529,彭晶,女,31,上班族
00000530,阎荣,女,38,家庭主妇
00000531,李雷,男,24,上班族
00000532,黄倩,男,31,在校学生
00000533,李涛,男,35,其他
00000534,冷宁,男,40,上班族
00000535,苏俊,男,25,上班族
00000536,钱娟,男,33,上班族
00000537,董玉梅,女,30,家庭主妇
00000538,卢秀芳,女,43,家庭主妇
00000539,王宇,女,27,上班族
00000540,康辉,男,31,上班族
00000541,阮彬,女,35,上班族
00000542,吴秀英,女,41,上班族
00000543,张秀珍,男,21,在校学生
00000544,任淑英,男,32,上班族
00000545,张颖,女,39,家庭主妇
00000546,冉宇,男,42,上班族
00000547,刘想,男,43,上班族
00000548,莫俊,女,25,在校学生
00000549,刘秀英,男,25,上班族
00000550,何凤英,男,34,上班族
00000551,丁琴,男,23,上班族
00000552,张楠,女,31,上班族
00000553,宗洁,男,26,上班族
00000554,陈浩,女,18,在校学生
00000555,赵梅,女,26,上班族
00000556,沈东,男,45,上班族
00000557,侯欣,女,49,上班族
00000558,张丽娟,女,27,上班族
00000559,袁琴,女,32,家庭主妇
00000560,吴秀华,女,25,上班族
00000561,彭杨,女,29,家庭主妇
00000562,麦桂香,男,36,其他
00000563,宋建国,女,21,在校学生
00000564,罗秀芳,男,25,上班族
00000565,陈凤英,女,28,家庭主妇
00000566,王玉梅,女,28,上班族
00000567,黄佳,男,41,上班族
00000568,王峰,男,48,上班族
00000569,邰桂芳,女,37,上班族
00000570,戴畅,男,47,其他
00000571,鞠玉兰,女,43,上班族
00000572,谢淑兰,女,46,上班族
00000573,钟杰,男,40,上班族
00000574,徐涛,男,32,上班族
00000575,张凤英,男,40,上班族
00000576,黄明,男,36,上班族
00000577,朱静,女,21,在校学生
00000578,李丽丽,女,39,自由职业
00000579,冯琴,女,30,上班族
00000580,张建平,男,37,上班族
00000581,雷平,女,37,家庭主妇
00000582,李娟,女,41,其他
00000583,蒋淑华,女,35,上班族
00000584,潘杨,男,28,上班族
00000585,周建国,女,34,上班族
00000586,赵倩,男,52,上班族
00000587,杨小红,女,38,上班族
00000588,马秀珍,女,35,家庭主妇
00000589,叶鹏,男,32,上班族
00000590,余成,男,26,上班族
00000591,李婷,女,22,上班族
00000592,韦志强,女,35,上班族
00000593,孟明,男,27,其他
00000594,张凤兰,男,41,上班族
00000595,邵丽,男,42,其他
00000596,孙桂珍,男,31,上班族
00000597,阎彬,女,33,上班族
00000598,邵琴,男,44,上班族
00000599,李想,男,19,在校学生
00000600,翁秀荣,女,42,家庭主妇
00000601,李柳,女,49,家庭主妇
00000602,刘勇,女,29,上班族
00000603,史秀云,女,45,上班族
00000604,贾俊,男,44,上班族
00000605,潘莉,男,46,上班族
00000606,林欣,女,26,上班族
00000607,吴秀荣,男,30,上班族
00000608,林鑫,男,26,上班族
00000609,戴淑华,女,33,上班族
00000610,杨桂芳,女,36,上班族
00000611,王淑华,男,46,上班族
00000612,张楠,女,29,上班族
00000613,罗浩,男,20,在校学生
00000614,李莉,男,23,在校学生
00000615,郭春梅,女,33,上班族
00000616,林华,女,18,在校学生
00000617,李桂芳,男,45,上班族
00000618,赵晨,男,33,上班族
00000619,顾浩,男,23,上班族
00000620,薛鹏,女,31,上班族
00000621,孙林,男,44,上班族
00000622,丁红梅,女,38,家庭主妇
00000623,刘颖,女,34,家庭主妇
00000624,李莉,男,36,上班族
00000625,王想,男,38,上班族
00000626,韩金凤,男,32,上班族
00000627,袁凯,男,29,上班族
00000628,金秀珍,女,31,家庭主妇
00000629,王博,女,18,在校学生
00000630,任春梅,女,23,家庭主妇
00000631,郭丽丽,女,32,自由职业
00000632,何春梅,男,40,上班族
00000633,袁秀芳,男,42,上班族
00000634,刘玉兰,女,21,在校学生
00000635,林丹,男,35,上班族
00000636,罗玉兰,男,38,上班族
00000637,姜建军,男,41,上班族
00000638,赵丽,女,28,家庭主妇
00000639,吴丹,女,29,上班族
00000640,王波,女,33,家庭主妇
00000641,邹磊,男,22,自由职业
00000642,常金凤,女,31,上班族
00000643,梁英,男,52,上班族
00000644,赵艳,男,24,上班族
00000645,邵平,女,26,上班族
00000646,陈鑫,男,34,上班族
00000647,庄洋,男,46,上班族
00000648,韩俊,男,27,自由职业
00000649,陈英,女,29,上班族
00000650,张秀华,女,36,上班族
00000651,彭瑞,男,34,自由职业
00000652,罗红,女,26,上班族
00000653,黄婷,男,45,上班族
00000654,白明,女,36,其他
00000655,周辉,男,18,在校学生
00000656,李斌,女,33,上班族
00000657,姚金凤,女,28,自由职业
00000658,王璐,女,42,家庭主妇
00000659,袁亮,女,26,自由职业
00000660,周兵,女,40,上班族
00000661,亓东,女,29,家庭主妇
00000662,韦超,女,28,上班族
00000663,刘东,男,55,上班族
00000664,王健,女,23,上班族
00000665,张杰,男,34,其他
00000666,黄春梅,女,35,上班族
00000667,安秀荣,男,33,上班族
00000668,汪桂荣,男,44,上班族
00000669,毛淑珍,女,36,家庭主妇
00000670,王海燕,女,34,家庭主妇
00000671,姚超,女,33,上班族
00000672,宋利,男,48,上班族
00000673,聂佳,女,18,在校学生
00000674,郭丹丹,男,28,上班族
00000675,赵桂花,男,40,上班族
00000676,张晨,男,26,上班族
00000677,解丽华,男,28,上班族
00000678,穆浩,女,18,在校学生
00000679,徐坤,女,39,上班族
00000680,徐亮,女,28,上班族
00000681,宋玉英,男,23,上班族
00000682,贺倩,男,46,上班族
00000683,杨海燕,女,36,上班族
00000684,刘兰英,女,28,上班族
00000685,杨萍,女,23,家庭主妇
00000686,李凤兰,男,28,上班族
00000687,李磊,女,34,上班族
00000688,邱平,女,35,上班族
00000689,邱磊,女,37,家庭主妇
00000690,刘秀云,男,53,上班族
00000691,曹建军,女,18,在校学生
00000692,张建,女,38,家庭主妇
00000693,宋想,男,32,自由职业
00000694,史丽娟,男,39,自由职业
00000695,周瑞,女,39,上班族
00000696,杨桂芝,女,27,家庭主妇
00000697,李洁,女,24,在校学生
00000698,李强,男,35,上班族
00000699,任瑞,男,18,在校学生
00000700,潘丹丹,男,42,上班族
00000701,吴建军,男,44,自由职业
00000702,郭淑英,男,52,上班族
00000703,吴建国,男,35,上班族
00000704,王文,女,41,上班族
00000705,郑萍,男,44,自由职业
00000706,杨玉,女,36,上班族
00000707,翟想,男,28,上班族
00000708,骆亮,女,18,在校学生
00000709,王秀珍,女,48,上班族
00000710,温建,女,23,上班族
00000711,潘丽娟,男,25,上班族
00000712,李桂芳,男,35,上班族
00000713,朱婷,女,43,上班族
00000714,程慧,女,36,家庭主妇
00000715,陈燕,男,30,在校学生
00000716,秦伟,男,18,在校学生
00000717,梁涛,男,20,在校学生
00000718,刘丹,女,31,上班族
00000719,王辉,男,32,家庭主妇
00000720,邓红霞,男,35,在校学生
00000721,朱荣,男,45,上班族
00000722,萧洁,女,27,上班族
00000723,郭平,女,25,上班族
00000724,杜桂芳,男,33,上班族
00000725,曹红霞,男,34,上班族
00000726,潘东,女,40,家庭主妇
00000727,崔燕,男,21,在校学生
00000728,王志强,男,18,在校学生
00000729,贾峰,女,38,上班族
00000730,徐建平,女,44,其他
00000731,刘瑜,女,33,上班族
00000732,张莹,男,28,上班族
00000733,贺秀兰,男,26,上班族
00000734,冯军,女,29,家庭主妇
00000735,陈杰,男,40,上班族
00000736,张静,女,30,上班族
00000737,张秀英,女,33,自由职业
00000738,曲杨,女,38,家庭主妇
00000739,韩辉,女,32,家庭主妇
00000740,李丹丹,男,27,上班族
00000741,游东,男,61,其他
00000742,姚洋,男,30,上班族
00000743,洪波,女,42,上班族
00000744,王红,女,25,上班族
00000745,李丹丹,男,23,上班族
00000746,谭平,女,39,上班族
00000747,曾艳,女,34,自由职业
00000748,鞠明,男,37,上班族
00000749,黄洋,女,42,上班族
00000750,张强,女,18,在校学生
00000751,吴华,男,32,上班族
00000752,吴雪梅,女,22,上班族
00000753,兰斌,男,35,上班族
00000754,陈红霞,男,33,上班族
00000755,李利,男,46,上班族
00000756,卢洁,男,23,上班族
00000757,郭芳,女,47,家庭主妇
00000758,田丽,男,30,在校学生
00000759,王浩,男,33,在校学生
00000760,王晨,男,39,上班族
00000761,杨秀梅,男,18,在校学生
00000762,王杰,女,29,家庭主妇
00000763,吕华,女,37,上班族
00000764,钟玉珍,女,29,其他
00000765,李敏,男,33,上班族
00000766,刘洁,男,39,上班族
00000767,吴莉,男,52,上班族
00000768,艾帆,女,49,上班族
00000769,万红,男,27,上班族
00000770,姜利,男,28,上班族
00000771,杨秀珍,女,18,在校学生
00000772,杨丽丽,女,37,家庭主妇
00000773,齐慧,男,32,上班族
00000774,宋佳,女,50,自由职业
00000775,陶磊,女,47,在校学生
00000776,向建,男,46,在校学生
00000777,闵建国,男,19,在校学生
00000778,蒋健,女,33,自由职业
00000779,李瑜,女,40,家庭主妇
00000780,贾强,女,32,家庭主妇
00000781,高玉珍,女,36,自由职业
00000782,谷秀珍,男,31,上班族
00000783,揭淑英,女,41,上班族
00000784,韦秀云,男,34,上班族
00000785,彭倩,男,29,上班族
00000786,王彬,男,48,上班族
00000787,武秀芳,女,31,上班族
00000788,孙想,女,34,上班族
00000789,张亮,女,30,自由职业
00000790,罗璐,男,33,上班族
00000791,胡平,女,36,上班族
00000792,李兵,女,18,在校学生
00000793,何秀荣,男,54,上班族
00000794,林静,女,30,家庭主妇
00000795,梁静,男,46,上班族
00000796,叶洁,男,29,其他
00000797,卢桂兰,男,29,家庭主妇
00000798,吴萍,女,38,上班族
00000799,宋雷,女,35,上班族
00000800,余杰,女,27,上班族
00000801,刘建华,女,25,上班族
00000802,王春梅,男,37,上班族
00000803,胡洋,男,33,上班族
00000804,冯欣,女,27,自由职业
00000805,游利,男,35,上班族
00000806,刘兵,男,41,上班族
00000807,谢峰,女,30,家庭主妇
00000808,隋欣,男,35,上班族
00000809,刘晨,男,43,自由职业
00000810,江秀珍,男,28,自由职业
00000811,黄伟,男,19,在校学生
00000812,宫冬梅,女,30,其他
00000813,刘倩,女,42,家庭主妇
00000814,孙兰英,女,21,在校学生
00000815,戚建,男,56,上班族
00000816,蒋颖,男,22,上班族
00000817,陈桂花,男,43,上班族
00000818,郑想,女,36,上班族
00000819,杨秀兰,男,27,上班族
00000820,张红,男,43,上班族
00000821,张秀梅,女,26,上班族
00000822,傅红,女,32,家庭主妇
00000823,段雷,女,25,家庭主妇
00000824,涂建华,男,46,上班族
00000825,吴雪梅,女,40,自由职业
00000826,宋桂香,男,28,自由职业
00000827,许倩,男,34,上班族
00000828,雷玉兰,女,47,上班族
00000829,米欣,男,40,上班族
00000830,陆桂珍,女,25,上班族
00000831,俞宁,女,23,家庭主妇
00000832,靳欣,女,40,上班族
00000833,张桂荣,男,39,上班族
00000834,任佳,男,33,上班族
00000835,郑凯,男,20,在校学生
00000836,张勇,男,20,在校学生
00000837,孙芳,女,41,自由职业
00000838,周淑兰,男,31,上班族
00000839,廖丹,男,32,上班族
00000840,郑玉兰,女,34,上班族
00000841,李旭,男,47,上班族
00000842,夏桂荣,女,38,上班族
00000843,林秀云,女,33,上班族
00000844,林平,男,33,上班族
00000845,陈欣,男,18,在校学生
00000846,袁莉,女,32,家庭主妇
00000847,曹健,男,32,上班族
00000848,陆凤兰,男,25,上班族
00000849,宋霞,女,31,其他
00000850,李雪,女,29,上班族
00000851,龚建华,男,42,上班族
00000852,陈玉,女,37,家庭主妇
00000853,邓倩,男,41,上班族
00000854,马文,男,40,家庭主妇
00000855,程楠,男,36,上班族
00000856,杨颖,男,50,家庭主妇
00000857,冯秀梅,男,36,上班族
00000858,周琳,男,35,自由职业
00000859,刘萍,女,30,上班族
00000860,马丽华,男,49,上班族
00000861,方桂香,男,33,上班族
00000862,马英,男,18,在校学生
00000863,吴建平,男,40,上班族
00000864,袁峰,男,35,上班族
00000865,梅静,男,38,上班族
00000866,鞠鹏,女,24,家庭主妇
00000867,余桂兰,女,21,在校学生
00000868,李秀华,女,44,上班族
00000869,曹莹,男,32,上班族
00000870,王建平,女,35,上班族
00000871,喻洋,男,26,上班族
00000872,孙文,女,48,上班族
00000873,张坤,男,55,上班族
00000874,龙利,男,35,上班族
00000875,杨宇,男,18,在校学生
00000876,王桂珍,男,50,上班族
00000877,张萍,男,39,上班族
00000878,万艳,女,34,家庭主妇
00000879,石坤,女,32,上班族
00000880,萧芳,男,38,上班族
00000881,孙琴,男,36,上班族
00000882,周楠,女,32,自由职业
00000883,陈军,女,32,其他
00000884,赵佳,女,36,家庭主妇
00000885,丁坤,男,25,上班族
00000886,曹艳,女,38,家庭主妇
00000887,王建,女,31,家庭主妇
00000888,苗俊,男,50,上班族
00000889,秦英,女,37,在校学生
00000890,张艳,男,22,上班族
00000891,汤志强,女,30,家庭主妇
00000892,邹丹丹,男,26,上班族
00000893,刘文,男,27,自由职业
00000894,刘晨,女,19,在校学生
00000895,李桂芝,男,28,上班族
00000896,杨明,女,42,自由职业
00000897,刘淑兰,女,18,在校学生
00000898,谭丹,女,40,上班族
00000899,朱娟,女,43,在校学生
00000900,郑淑华,男,22,自由职业
00000901,张华,男,19,在校学生
00000902,李成,男,35,在校学生
00000903,陈亮,男,30,其他
00000904,郭超,女,37,上班族
00000905,刘荣,女,44,上班族
00000906,陈燕,男,36,自由职业
00000907,李想,女,30,上班族
00000908,赵平,男,44,上班族
00000909,齐雷,男,22,上班族
00000910,王成,女,34,在校学生
00000911,王丽华,男,18,在校学生
00000912,刘春梅,女,33,上班族
00000913,贾斌,男,45,上班族
00000914,余楠,男,42,自由职业
00000915,葛洋,女,27,家庭主妇
00000916,黄芳,男,18,在校学生
00000917,李荣,女,26,其他
00000918,李璐,男,35,上班族
00000919,余凤英,男,41,上班族
00000920,沈兰英,女,22,上班族
00000921,蒋丽华,男,46,上班族
00000922,夏磊,男,25,上班族
00000923,葛桂珍,女,27,上班族
00000924,沈强,女,43,家庭主妇
00000925,张霞,女,25,上班族
00000926,常淑华,女,36,其他
00000927,王帆,男,41,上班族
00000928,熊丽娟,女,19,在校学生
00000929,王燕,女,32,上班族
00000930,李桂芝,男,25,自由职业
00000931,陈龙,女,40,上班族
00000932,王波,女,39,上班族
00000933,陈辉,女,28,上班族
00000934,吴芳,男,41,上班族
00000935,余桂珍,男,45,上班族
00000936,邱凤兰,女,39,上班族
00000937,赵利,男,39,上班族
00000938,谭宇,男,29,在校学生
00000939,张超,女,31,在校学生
00000940,欧阳桂香,女,35,上班族
00000941,王秀芳,女,46,自由职业
00000942,和彬,男,35,上班族
00000943,赵颖,女,24,自由职业
00000944,张红梅,男,32,上班族
00000945,王英,男,38,上班族
00000946,杨红霞,男,43,上班族
00000947,许超,女,32,上班族
00000948,张秀华,男,28,上班族
00000949,李凤兰,女,41,上班族
00000950,周小红,男,26,上班族
00000951,景淑兰,男,53,上班族
00000952,廖志强,男,28,上班族
00000953,杨婷,女,43,上班族
00000954,陈淑华,男,46,上班族
00000955,王伟,女,29,上班族
00000956,陈波,男,29,其他
00000957,胡宁,男,21,在校学生
00000958,刘春梅,女,32,家庭主妇
00000959,陈婷,男,43,上班族
00000960,杨芳,男,45,上班族
00000961,宋雪梅,男,34,上班族
00000962,陈玲,男,20,在校学生
00000963,涂玲,女,32,家庭主妇
00000964,卞倩,男,38,其他
00000965,侯丹,男,36,上班族
00000966,高桂花,女,25,上班族
00000967,牟勇,男,46,上班族
00000968,邓莹,男,45,上班族
00000969,王俊,女,30,上班族
00000970,邹玉英,女,34,上班族
00000971,程凯,男,35,上班族
00000972,王琳,男,32,其他
00000973,王楠,男,31,上班族
00000974,张建军,女,35,家庭主妇
00000975,康丽华,男,26,上班族
00000976,李勇,女,30,上班族
00000977,徐彬,男,51,家庭主妇
00000978,侯凯,女,28,上班族
00000979,杨坤,女,38,家庭主妇
00000980,邓玲,男,25,自由职业
00000981,黄丽娟,女,26,在校学生
00000982,傅玉英,男,26,上班族
00000983,谢静,女,44,家庭主妇
00000984,朱龙,女,39,上班族
00000985,史桂荣,女,20,在校学生
00000986,郑燕,女,33,上班族
00000987,任利,女,25,上班族
00000988,吴兰英,女,32,上班族
00000989,刘凤兰,女,25,自由职业
00000990,马桂英,女,20,在校学生
00000991,刘平,女,49,在校学生
00000992,周琴,女,25,上班族
00000993,黄华,男,40,上班族
00000994,张桂珍,女,33,上班族
00000995,周文,男,28,上班族
00000996,周莹,女,32,家庭主妇
00000997,张洋,女,45,上班族
00000998,刘桂芝,男,24,上班族
00000999,杨伟,男,40,自由职业
00001000,李淑英,女,23,上班族
00001001,冯超,女,30,上班族
00001002,吴一帆,男,22,在校学生
